,China Daily,NY Times,Daily Telegraph,The Guardian,Hindustan Times
Valence,0.6082287969572469,0.5893644754996901,0.5907467988567795,0.5900286521366829,0.5975638989919623
Arousal,0.45430772424703264,0.45888067286388523,0.4696621683801781,0.457903254094104,0.44643990329511657
Dominance,0.5800513847970792,0.5561364770684424,0.568170364025414,0.5645378085292188,0.5695647966714438
